Model Name,Model Accuracy,Precision,Recall,F1 Score,precision,recall,f1-score,support
SVC Model,0.8193883439122909,0.8193883439122909,0.8193883439122909,0.819388343912291,,,,
,,,,,0.8954703832752613,0.8862068965517241,0.8908145580589255,1160.0
,,,,,0.8021201413427562,0.6931297709923664,0.7436527436527437,655.0
,,,,,0.817258883248731,0.8256410256410256,0.8214285714285713,390.0
,,,,,0.7628865979381443,0.8215701823949246,0.7911416571210386,1261.0
,,,,,0.8193883439122909,0.8193883439122909,0.8193883439122909,0.8193883439122909
,,,,,0.8194340014512231,0.8066369688950101,0.8117593825653198,3466.0
,,,,,0.8207920662567263,0.8193883439122909,0.81893370078698,3466.0
