Model Name,Model Accuracy,Precision,Recall,F1 Score,precision,recall,f1-score,support
ExtraTreesClassifier Model,0.8418926716676284,0.8418926716676284,0.8418926716676284,0.8418926716676284,,,,
,,,,,0.9109170305676856,0.8991379310344828,0.9049891540130152,1160.0
,,,,,0.8176991150442477,0.7053435114503817,0.7573770491803279,655.0
,,,,,0.9093198992443325,0.9256410256410257,0.9174078780177892,390.0
,,,,,0.7740986019131715,0.8342585249801745,0.8030534351145039,1261.0
,,,,,0.8418926716676284,0.8418926716676284,0.8418926716676284,0.8418926716676284
,,,,,0.8530086616923593,0.8410952482765163,0.8457068790814091,3466.0
,,,,,0.8433438469504606,0.8418926716676284,0.8414047432125041,3466.0
