Model Name,Model Accuracy,Precision,Recall,F1 Score,precision,recall,f1-score,support
LGBMClassifier Model,0.847663012117715,0.847663012117715,0.847663012117715,0.8476630121177149,,,,
,,,,,0.9055793991416309,0.9094827586206896,0.9075268817204302,1160.0
,,,,,0.8186528497409327,0.7236641221374046,0.7682333873581847,655.0
,,,,,0.923469387755102,0.9282051282051282,0.9258312020460359,390.0
,,,,,0.7872180451127819,0.830293417922284,0.8081821690467001,1261.0
,,,,,0.847663012117715,0.847663012117715,0.847663012117715,0.847663012117715
,,,,,0.858729920437612,0.8479113567213766,0.8524434100428377,3466.0
,,,,,0.8481029243209205,0.847663012117715,0.847119427432531,3466.0
