Model Name,Model Accuracy,Precision,Recall,F1 Score,precision,recall,f1-score,support
XGBClassifier Model,0.8444893248701674,0.8444893248701674,0.8444893248701674,0.8444893248701674,,,,
,,,,,0.9030874785591767,0.9077586206896552,0.9054170249355116,1160.0
,,,,,0.8141135972461274,0.7221374045801526,0.7653721682847896,655.0
,,,,,0.9147869674185464,0.9358974358974359,0.9252217997465146,390.0
,,,,,0.7848484848484848,0.8215701823949246,0.8027896164277412,1261.0
,,,,,0.8444893248701674,0.8444893248701674,0.8444893248701674,0.8444893248701674
,,,,,0.8542091320180838,0.8468409108905421,0.8497001523486393,3466.0
,,,,,0.8445720536676373,0.8444893248701674,0.8438421025297902,3466.0
