Model Name,Model Accuracy,Precision,Recall,F1 Score,precision,recall,f1-score,support
RandomForestClassifier Model,0.8413156376226197,0.8413156376226197,0.8413156376226197,0.8413156376226198,,,,
,,,,,0.9023136246786633,0.9077586206896552,0.9050279329608939,1160.0
,,,,,0.8064516129032258,0.7251908396946565,0.7636655948553055,655.0
,,,,,0.9198966408268734,0.9128205128205128,0.9163449163449163,390.0
,,,,,0.780045351473923,0.8183980967486122,0.7987616099071208,1261.0
,,,,,0.8413156376226197,0.8413156376226197,0.8413156376226197,0.8413156376226197
,,,,,0.8521768074706713,0.841042017488359,0.8459500135170591,3466.0
,,,,,0.8416925819994114,0.8413156376226197,0.8409250647236753,3466.0
